2022-08-06 04:08:27+00:00,AffandiFadhlan,"@BudTeguh Satu2 dipermlukan, pertma suami ( pnista agma), kedua istri (selingkuh), ktiga ank (kasus penganiayaan) luar biasa ni kata2nya. Setingkat wali"
2022-08-06 03:38:31+00:00,polsek_genuk,Polres pekalongan tangkap pengedar narkoba dari hasil pengembangan kasus penganiayaan yang viral di medsos https://t.co/gbl4gdNa8W
2022-08-06 03:31:41+00:00,Polsek_Pdr442,Polres pekalongan tangkap pengedar narkoba dari hasil pengembangan kasus penganiayaan yang viral di medsoshttps://t.co/RXCrAEobfw
2022-08-06 02:20:45+00:00,lajurnews,"Lakukan Penganiayaan,Â 11 Satpam RS Kariyadi Semarang Ditetapkan Sebagai Tersangka https://t.co/aEfedL5jyI"
2022-08-06 02:18:21+00:00,polsekgayamsar1,Polres pekalongan tangkap pengedar narkoba dari hasil pengembangan kasus penganiayaan yang viral di medsos https://t.co/IoYGPkB2LC
2022-08-06 02:08:13+00:00,outlaw_eve,@jungkangFamily @persebayaupdate bisa dikasuskan pembiaran dan penganiayaan sampai berujung anak meninggal ngga sih... gila gila..
2022-08-06 01:51:50+00:00,jansen_dmk,"@eriemrn @KaredokLeunca__ Ada kemgknan istri trauma.Bisa jadi penganiayaan korban di depan mata dia. Klo dibayangkan di posisi tsb bisa ga makan berhari"" ama stress...Kapolri juga agak berhati"" ambil keputusan akhir menurut saya.Lawannya jendral juga dan yg pasti banyak dukungan juga.ğŸ˜ğŸ˜ğŸ˜"
2022-08-06 01:50:57+00:00,nusabalicom,Sipandu Beradat Damaikan Sejumlah Kasus Perkelahian https://t.co/cwpuIK4gsq #Perkelahian #berita #nusabali #SipanduBeradat  #Mediasi #Penganiayaan
2022-08-06 01:29:49+00:00,ardi_tama1,Sebenernya miripâ€ aja sama KUHP penganiayaan Penganiayaan ringan seperti nonjok/tendang org sampe memar  itu bisa diproses hukum dan hukuman penjara maks 3 bulan Tapi apakah penjara kita penuh sama org sama org dengan penganiayaan ringan?Jadi interpretasi lapangan beda juga https://t.co/qVBCTZOXis
2022-08-06 00:34:14+00:00,Ojoklalenya,"Salah sopoooo???Suami dipergoki istri selingkuh dlm mobil, mobil pun hancurâ€¼Trus suami mlaoporkn pengrusakan mobilnya k polisi. ğŸ¤­ğŸ¤­istripun mlaporkan suami, penganiayaan bathin thdp dirinya ke polisiâ€¼ğŸ¤”ğŸ¤”MumeeettttğŸ¤£ğŸ¤£ https://t.co/LGientsEpb"
2022-08-06 00:11:21+00:00,suhazeli,"Semoga rakyat memahami hasrat KKM mengemukakan Akta Kawalan tembakau 2022.Antara objektifnya adlh untuk membanteras penganiayaan anakÂ² dari terus disalah gunakan dgn menghisap vape.Mereka adlh golongan yang lemah, atas ibu ayah lah untuk mencorakkan kehidupan mereka. #GEG https://t.co/iP9EA8P2Pk"
2022-08-05 23:42:03+00:00,djavatoday,Polres Tasikmalaya Amankan 5 Pelaku Pengrusakan-Penganiayaan https://t.co/1L3xOsVEIs
2022-08-05 23:06:40+00:00,sumoburloff,"@CNNIndonesia Tak ada aksi koboi tembak menembak, yg ada penganiayaan lalu istri sambo menjerit karena melihatnya."
2022-08-05 22:33:30+00:00,azamysyawal,"@pedoqpop Tak boleh. Dikira sebagai penganiayaan. Lain la kalau cuti seminggu terus, baru sabtu ahad tu Tak dikira. Call pejabat buruh &amp tanya. Depa boleh advice."
2022-08-05 21:08:06+00:00,titosniper,"RI. Baiklah. Menurut ibu, dibilang tembak menembak padahal ada bekas luka penganiayaan termasuk hoax kah? #justasking https://t.co/wvPsiPa0zt"
2022-08-05 17:57:41+00:00,supraban,"@ghosalmon @Askrlfess Jika titik tolak indikator adalah penganiayaan orang dewasa terhadap anak laki-laki wajar, bukan tidak mungkin orang dewasa laki-laki kobel bokong anak perempuan juga dianggap normal. Jangan meniru cara berpikir ini masyarakat ingin berpikir ke depan"
2022-08-05 16:36:30+00:00,jansen_dmk,"@KaredokLeunca__ @AimanJudakusum1 @cleo_mochy Penganiayaan terhadap korban jadinya stress bahkan mgkn trauma sampai ga berani bicara atau muncul di depan umum.Yg ke3 bapak kapolri kita nih jadi serba salah.Jadi agak hati"" ambil keputusan. Khawatir ada perpecahan di tubuh polri."
2022-08-05 16:23:35+00:00,sitaplana,@AyuRatihTR @aipsun @ratjunn Masuk penganiayaan anak ga sih? Marah banget bacanya
2022-08-05 15:31:42+00:00,HINENI1031,"Yohanes 16:33 (TB)  ""Semuanya itu Kukatakan kepadamu, supaya kamu beroleh damai sejahtera dalam Aku. Dalam dunia kamu menderita penganiayaan, tetapi kuatkanlah hatimu, Aku telah mengalahkan dunia.""Tuhan sudah menaklukkan dunia ini dibawah kaki kudusNya. Tetap percaya saja."
2022-08-05 15:25:53+00:00,detikcom,"Teror penyerangan brutal menghantui warga Dusun Baban Timur, Desa Mulyorejo, Silo, Jember. Ini dia pemicunya : via @detik_jatim https://t.co/ukhTytws2R"
